{
  "version": "2.1.0",
  "release_date": "2025-10-21",
  "description": "QuizHelper Extension Update - Fixed Update System",
  "changelog": [
    "Auto-updated package: QuizHelper-Extension-v2.1.0-20251021_164614.zip",
    "Fixed JSON parsing errors in update system",
    "Added proper GitHub repository integration",
    "Improved error handling and logging",
    "Added comprehensive update checking",
    "Fixed variable naming conflicts",
    "Resolved undefined property errors"
  ],
  "resources": {
    "extension": {
      "url": "https://raw.githubusercontent.com/morgrum/moodle-extension-updates/main/QuizHelper-Extension-Latest.zip",
      "size": 813419,
      "checksum": "sha256:0b65f9cd03993711272671ad2e09789ea68076f5a8f452347ec048b3fef8bcbd"
    },
    "processor": {
      "url": "https://raw.githubusercontent.com/morgrum/moodle-extension-updates/main/MoodleResourceProcessor.py",
      "version": "1.0.0"
    },
    "batch_file": {
      "url": "https://raw.githubusercontent.com/morgrum/moodle-extension-updates/main/run_processor.bat",
      "version": "1.0.0"
    }
  },
  "min_version": "2.0.0",
  "auto_update": true,
  "update_instructions": [
    "1. Download the latest extension ZIP file",
    "2. Remove the old extension from Chrome",
    "3. Install the new extension",
    "4. Test functionality with Ctrl+G"
  ]
}